{
  "味噌": 1.459758415865469,
  "野菜": 1.3198003003565069,
  "サーモン": 1.2050119148868756,
  "肉味噌": 1.1119434414071827,
  "好き": 1.0613753958834087,
  "2017年": 1.041101397481158,
  "大葉": 1.0194424742495232,
  "11月": 0.9635205660735205,
  "最後": 0.949247016400042,
  "醤油": 0.9404216086922412,
  "まぜそば": 0.923311029205828,
  "女性": 0.8914674995273175,
  "良い": 0.8900253117248206,
  "国産": 0.877897733346576,
  "辛い": 0.8764799453058549,
  "もち": 0.8685736663822409,
  "いい": 0.867189187968729,
  "本格": 0.8642145055502751,
  "季節": 0.862754131712154,
  "特製": 0.8606351784952158,
  "きのこ": 0.8444931700638081,
  "美味しかっ": 0.8420102441824902,
  "多い": 0.8406137337903562,
  "ない": 0.8402050612986692,
  "感想": 0.839810884754814
}