{
  "味噌": 1.2344015968665387,
  "野菜": 1.1278284062556583,
  "サーモン": 1.0664330392557648,
  "肉味噌": 1.0322432754634998,
  "2017年": 0.9739092090243824,
  "11月": 0.9498876527421829,
  "最後": 0.9358947506766861,
  "好き": 0.9261499421717695,
  "国産": 0.9146127136787159,
  "大葉": 0.9130939713173533,
  "本格": 0.9093061934447074,
  "寒く": 0.8819732856033775,
  "まぜそば": 0.8774934007618538,
  "醤油": 0.8761758470917091,
  "特製": 0.8728242211799866,
  "季節": 0.8688986970967241,
  "今年": 0.8626685620325649,
  "昨年": 0.8607016392458264,
  "もち": 0.8532468144895264,
  "更に": 0.8529336233107058,
  "たっぷり": 0.8448075117831793,
  "良い": 0.844542079222178,
  "1年": 0.8445358763476457,
  "ない": 0.8366924226477793,
  "多い": 0.8355757417642236
}