{
  "味噌": 5.887256199830745,
  "野菜": 4.451491340851044,
  "サーモン": 4.121058485097166,
  "味": 3.3804442266525734,
  "肉味噌": 3.308576749663904,
  "醤油": 3.1262442694772243,
  "2017年": 2.990407777217605,
  "大葉": 2.9056504460601293,
  "の": 2.784194223267923,
  "最後": 2.70426686079813,
  "好き": 2.640043377373733,
  "季節": 2.497305801147673,
  "イカスミ": 2.4933085052498827,
  "まぜそば": 2.4146687637007576,
  "11月": 2.41167881769752,
  "キロ": 2.411347630485103,
  "盛り": 2.3301071277243794,
  "そんな": 2.2893862298597316,
  "たっぷり": 2.2267762349293534,
  "ない": 2.198496434987889,
  "スープ": 2.1735812478539724,
  "感想": 2.1711084741420366,
  "きのこ": 2.1538061379407853,
  "美味しい": 2.125014010085404,
  "もち": 2.1214135248087227
}